edad,experiencia_anos,educacion_anos,horas_trabajo,proyectos_completados,certificaciones,salario
40.0,16.4,14.6,30.5,15,4,109775.63
33.6,13.5,15.7,35.7,16,2,95818.37
41.5,8.4,14.4,37.9,15,3,83088.63
50.2,4.1,15.4,49.4,8,4,75926.79
32.7,12.2,12.2,42.8,19,2,98357.4
32.7,10.4,16.4,33.3,11,3,92688.35
50.8,13.4,16.0,42.4,18,2,98015.66
42.7,11.8,14.4,32.3,16,5,100962.99
30.3,14.3,17.3,45.4,5,7,90261.13
40.4,4.8,17.9,37.6,19,4,75173.01
30.4,15.9,12.8,39.5,20,2,104346.4
30.3,9.2,14.5,46.6,14,0,81746.36
37.4,20.5,14.5,33.6,14,3,115849.05
22.0,3.9,14.1,33.0,16,3,57796.02
22.0,18.4,17.7,37.1,13,2,91677.03
29.4,9.2,15.6,45.2,13,1,79815.17
24.9,4.1,15.5,32.4,16,7,65600.58
38.1,5.1,12.0,30.0,12,4,75713.79
25.9,6.1,17.3,37.7,14,7,91203.8
22.0,10.5,13.5,42.8,18,4,81783.54
49.7,11.1,16.1,46.0,13,2,91742.82
32.7,4.6,16.6,37.7,7,2,73096.19
35.7,7.9,18.7,37.9,21,4,84600.79
22.0,20.9,13.4,45.8,15,2,86709.02
29.6,18.4,12.0,30.7,13,5,104447.74
36.1,10.6,16.4,38.1,16,4,98348.0
23.5,8.2,19.6,41.0,9,0,64522.26
38.8,8.7,18.5,42.2,25,0,95999.01
29.0,11.7,16.4,37.5,16,4,95823.64
32.1,1.9,15.0,40.2,16,2,66297.36
29.0,6.5,17.6,30.0,16,2,83805.19
53.5,0.0,14.1,36.7,14,5,61123.58
34.9,10.4,17.0,42.3,16,3,90272.23
24.4,11.9,17.0,35.1,13,4,68055.55
43.2,5.1,18.1,40.3,21,0,79193.06
22.8,17.4,21.5,42.2,17,2,90711.18
37.1,0.6,16.8,38.3,11,3,62710.86
22.0,0.0,15.0,40.9,15,3,52462.85
22.0,9.3,15.9,35.2,16,2,73125.2
37.0,14.3,12.5,39.0,13,3,95060.22
42.4,18.1,14.6,43.1,11,2,109651.85
36.7,5.2,15.2,40.8,11,2,76266.7
33.8,14.5,15.0,37.1,14,4,98132.67
32.0,7.8,16.3,41.1,14,4,82565.16
22.0,7.0,14.4,43.6,20,1,65518.78
27.8,13.3,18.2,30.0,15,4,104986.83
30.4,11.9,16.0,45.8,14,1,98774.69
45.6,0.0,16.0,38.3,17,5,73427.96
38.4,16.9,15.3,42.1,23,1,104957.06
22.0,16.3,16.3,46.0,13,4,84023.52
38.2,4.2,17.7,33.1,11,3,78946.94
31.1,10.4,14.3,36.5,18,2,93675.65
28.2,11.0,14.7,38.6,14,2,93130.95
41.1,9.6,15.4,36.1,17,1,86179.54
45.3,4.7,13.3,48.7,19,2,66937.7
44.3,4.0,14.4,35.7,20,1,67473.19
26.6,7.8,15.0,37.2,23,3,88051.19
31.9,15.0,17.7,41.0,13,1,103425.23
38.3,11.3,16.5,34.0,14,1,85448.29
44.8,5.8,16.4,38.0,14,2,78244.4
30.2,12.6,17.7,41.6,12,5,102284.3
33.1,0.0,15.7,38.3,13,6,60331.75
23.9,14.9,16.8,39.5,11,2,85447.29
23.0,0.0,15.8,37.4,14,3,49064.61
43.1,5.8,16.5,32.4,16,5,88647.54
48.6,1.3,14.8,41.6,10,5,62789.41
34.3,0.2,12.0,48.8,17,0,51946.65
45.0,15.0,15.7,40.1,17,3,100218.88
38.6,5.2,18.8,41.1,15,3,81276.99
28.5,10.1,17.9,43.5,17,1,89533.8
38.6,7.7,17.9,33.7,15,1,83612.38
50.4,10.9,18.5,48.5,18,0,95533.83
34.6,8.5,16.2,41.0,14,3,84562.4
50.6,0.3,16.4,48.2,14,2,64016.5
22.0,14.0,14.8,36.3,17,1,68726.71
43.2,5.0,15.4,49.1,20,6,83603.92
35.9,0.0,17.2,43.9,8,0,59401.3
32.0,5.4,18.4,42.8,14,1,87241.39
35.9,17.0,15.7,41.2,16,3,102395.23
22.0,13.1,15.1,38.8,12,2,65680.73
32.8,5.9,16.0,46.0,20,2,83862.14
38.6,5.9,17.2,40.7,11,6,83797.39
49.8,6.1,13.1,30.2,12,3,68801.74
29.8,20.5,12.0,34.4,15,1,100002.47
26.9,10.3,14.9,39.1,11,3,94264.4
30.0,10.6,13.6,41.5,23,4,99359.04
44.2,14.2,15.0,39.7,11,0,80992.55
38.3,9.4,15.7,46.1,14,2,83847.38
29.7,6.4,15.1,30.2,9,1,82575.58
40.1,6.8,18.9,40.7,12,3,82031.84
36.0,7.6,16.7,30.9,5,5,78953.15
44.7,7.8,16.6,43.8,18,4,85929.29
28.0,12.4,17.2,39.5,15,2,90676.58
31.7,8.3,13.7,42.1,14,3,72838.81
31.1,12.4,18.1,35.7,19,3,105869.67
22.0,7.5,15.8,46.4,14,5,58434.88
38.0,8.5,17.3,45.2,15,1,86927.33
37.6,0.0,13.9,42.9,13,4,65717.33
35.1,13.5,12.9,39.4,15,0,83327.51
32.7,10.1,17.6,42.9,10,2,84029.65
22.0,14.0,16.8,36.5,12,2,84545.4
30.8,0.0,14.2,44.3,7,1,58458.3
31.6,20.5,14.3,48.2,8,4,107630.2
27.0,7.2,18.3,45.4,14,5,93293.7
33.4,14.6,13.6,36.4,12,2,101087.19
39.0,1.8,19.3,41.8,9,4,73174.69
53.9,11.7,14.2,33.5,13,4,86488.95
36.7,1.7,17.3,42.9,21,2,70546.7
37.6,4.3,15.3,42.3,9,2,71589.54
34.3,19.5,17.2,30.7,25,3,119077.06
22.0,6.9,14.9,34.2,14,3,68300.72
34.7,9.3,15.7,38.6,12,3,78124.24
35.6,13.2,16.1,38.5,15,4,91202.46
59.6,11.0,14.0,34.0,20,5,84990.15
33.1,8.9,17.5,41.9,16,4,88021.03
38.0,10.2,15.0,41.3,15,4,86299.53
34.7,22.4,15.5,39.0,16,2,110525.15
23.3,7.7,14.0,36.2,18,2,65019.87
46.4,9.2,12.0,45.2,14,5,82752.71
42.5,14.3,15.6,48.3,14,2,101454.13
42.9,14.6,20.8,37.6,15,1,106665.27
25.9,15.1,17.6,36.9,16,2,103496.25
49.0,11.8,16.0,42.5,19,4,102908.18
22.0,1.1,15.5,38.2,11,2,44290.67
40.9,17.8,16.0,39.3,12,4,111250.82
56.9,1.1,17.1,43.7,17,1,52795.82
25.1,9.8,13.6,30.5,16,3,81805.28
29.3,3.5,18.2,46.6,10,5,69965.54
36.0,7.6,17.4,40.4,20,4,93093.78
30.0,10.0,17.4,37.9,18,1,90758.94
22.0,9.9,16.9,39.6,9,2,69241.11
35.7,10.5,16.0,39.8,14,2,83854.0
24.4,17.7,17.3,31.3,24,7,93880.93
39.7,10.7,17.2,47.5,13,2,87261.13
25.8,6.5,15.3,40.2,13,3,80692.8
50.5,13.8,14.9,42.2,17,3,93285.05
27.2,15.1,16.2,44.8,18,6,113796.6
31.8,0.6,19.1,34.9,13,2,60355.04
43.1,11.6,13.5,42.4,15,2,84711.08
22.7,12.2,13.1,38.7,11,2,78478.01
37.3,6.2,16.3,44.2,14,1,75855.14
48.1,16.3,16.1,30.0,17,3,99713.87
22.0,7.1,16.3,39.5,16,5,69310.71
36.8,8.8,16.5,37.0,17,4,86738.55
37.6,7.0,15.6,42.2,16,4,78554.96
42.8,8.1,19.0,42.4,14,3,83223.92
22.6,1.4,12.8,36.5,8,2,60844.4
22.0,0.0,14.3,36.4,13,4,48353.85
40.2,17.6,15.8,39.4,15,3,98479.97
38.0,2.9,12.7,35.5,12,3,72834.56
37.5,2.1,15.6,44.2,11,1,68156.91
38.5,0.0,19.3,38.2,17,4,67652.08
28.2,4.2,16.0,30.0,13,3,69312.64
37.3,0.1,16.5,38.1,19,1,68713.12
37.9,17.9,13.5,34.8,8,1,98615.14
27.9,14.1,14.8,31.8,12,1,84668.28
53.7,3.9,15.2,33.8,20,2,83488.36
39.7,21.5,15.4,40.5,17,3,116163.44
23.1,13.9,18.6,46.6,13,3,89134.99
41.6,6.1,17.1,41.6,18,3,89192.78
25.3,0.0,13.8,37.0,19,1,56160.58
42.9,21.7,16.5,42.3,14,3,124269.6
46.6,0.0,17.0,37.7,11,2,59737.45
26.8,0.0,18.3,36.5,16,1,57086.94
44.6,14.1,19.2,34.2,15,1,100457.19
39.1,22.6,14.0,31.2,16,1,118539.19
43.2,16.3,14.4,38.1,16,4,102017.84
54.0,11.4,13.5,40.8,15,3,87650.66
32.5,11.6,15.5,39.5,12,2,95937.09
27.5,13.1,16.9,37.9,13,2,97232.78
26.1,12.6,18.0,35.3,15,3,94629.44
26.8,9.7,15.8,43.0,12,2,89500.17
34.2,8.6,15.4,33.4,20,4,89591.85
38.4,7.6,16.3,43.9,9,2,67408.35
37.8,3.5,14.3,35.0,19,3,74826.87
43.3,6.3,20.2,36.2,17,5,91517.63
35.1,0.0,12.8,32.7,15,5,61777.62
49.5,7.4,16.4,37.5,17,2,88037.63
32.4,2.1,20.0,44.9,14,1,69879.98
62.2,1.4,16.0,42.6,15,1,61052.4
41.3,9.1,15.6,44.9,17,4,80793.5
26.4,16.4,15.3,42.6,10,1,101843.15
24.3,13.5,15.6,34.5,15,4,88752.16
39.8,0.0,18.7,38.3,9,1,58644.26
32.8,2.1,12.0,36.1,16,5,62356.57
42.1,13.6,19.1,46.7,9,1,94661.79
39.7,2.1,13.2,34.0,12,1,62640.81
34.3,6.7,15.5,44.5,12,2,72515.36
26.5,11.3,15.1,44.5,23,4,98569.29
22.0,2.2,17.2,49.1,19,0,60826.59
30.5,8.6,12.8,38.0,12,4,83458.0
43.6,0.0,16.9,43.6,12,0,52544.44
37.1,4.4,20.0,51.4,22,1,88028.25
22.5,9.9,13.3,36.9,17,3,73652.6
36.7,0.0,16.4,32.3,28,1,73719.93
38.9,10.6,14.7,30.6,19,4,93985.39
26.2,7.9,16.9,43.6,17,3,87584.04
36.5,11.3,16.0,30.6,21,2,100006.74
35.6,9.3,14.7,38.1,19,4,98551.82
23.6,16.2,17.0,42.2,14,7,83175.38
38.6,8.8,19.6,40.9,14,4,97682.04
40.6,5.4,15.6,42.1,22,4,81555.12
45.8,8.7,17.4,41.1,13,3,86845.37
45.5,11.3,13.4,46.4,13,3,80087.0
22.0,8.3,14.1,35.2,13,2,62866.93
25.6,8.2,16.9,36.6,17,2,81539.77
40.2,3.8,19.0,36.1,12,3,74603.2
40.1,4.0,16.7,44.2,10,3,67632.39
40.2,0.0,15.4,44.5,14,2,59816.28
65.0,18.5,16.0,42.3,8,3,94486.82
40.7,0.5,13.5,45.9,19,3,64574.6
46.4,3.8,17.2,34.1,14,3,67346.22
44.5,3.7,17.8,48.3,20,4,72643.3
41.5,13.4,15.1,47.6,16,3,98877.17
31.8,6.2,15.1,43.7,14,8,79178.44
42.6,15.5,16.5,48.9,15,3,109386.41
27.3,4.0,15.1,31.7,18,2,74713.83
32.6,9.7,15.9,37.4,11,4,90520.33
30.1,3.0,20.2,36.3,11,0,80322.42
35.8,20.9,15.5,43.6,16,4,115887.61
58.1,0.9,15.3,34.7,16,2,55727.47
22.0,9.9,14.7,43.8,13,1,71722.26
41.9,11.8,17.5,46.9,16,2,98286.8
22.0,10.5,15.6,43.5,16,1,69994.0
30.3,6.9,14.7,41.4,18,1,86229.86
45.9,7.2,18.6,35.1,11,4,84455.38
35.6,8.3,18.8,35.8,10,3,87079.85
24.2,7.1,14.8,46.2,11,2,62101.07
27.8,13.8,12.3,43.9,19,3,90685.6
41.8,21.3,18.0,39.8,16,3,121568.31
27.7,4.7,14.6,37.9,17,3,82067.53
37.2,0.0,17.6,30.0,20,5,73596.72
35.5,7.5,12.1,34.6,17,4,79420.77
28.5,23.5,17.8,49.6,24,1,127564.6
56.4,3.2,13.6,33.6,16,2,63134.56
41.3,17.8,17.5,40.9,18,3,116527.88
22.0,18.1,16.0,45.0,12,3,89612.86
36.9,4.7,14.1,33.7,21,5,76675.03
28.4,11.4,15.2,40.9,10,2,89937.55
43.5,17.8,17.4,44.7,15,3,113384.6
27.1,5.7,16.2,40.1,10,4,72594.79
33.9,6.8,17.2,54.3,12,2,81540.69
40.0,4.5,20.0,31.7,17,2,70897.59
43.7,1.9,12.9,45.3,18,1,66498.59
23.0,4.1,19.2,39.1,14,3,66591.69
31.7,0.7,16.2,43.9,12,4,69691.69
30.3,8.2,14.2,42.2,16,6,83839.67
28.5,3.4,13.3,36.3,21,2,72504.69
52.7,9.4,15.6,41.1,21,5,99559.2
39.0,0.0,17.8,30.7,17,4,76333.8
22.4,10.0,15.7,43.0,11,7,72718.58
44.2,13.0,19.0,41.5,9,4,100233.0
56.2,0.0,13.1,43.2,9,3,56986.38
45.3,10.2,16.0,45.3,19,2,83570.57
22.0,15.4,13.5,41.8,10,5,77310.9
30.2,0.7,16.7,40.7,11,6,75124.13
47.7,18.0,17.8,35.6,11,2,114125.25
27.9,10.5,15.2,36.4,19,2,92369.32
39.4,3.8,12.0,45.9,17,2,60395.66
42.7,7.7,16.4,47.2,17,1,83010.76
25.7,11.3,16.9,38.8,16,4,92735.54
34.4,8.5,16.8,40.2,21,5,93508.16
22.0,11.2,18.5,35.5,10,5,72584.22
24.8,2.5,13.9,45.9,12,5,49252.77
32.5,9.0,17.4,43.3,21,3,81756.73
22.5,0.0,18.4,49.7,16,5,62571.04
51.3,7.3,12.4,35.6,14,3,74996.99
22.0,2.6,16.6,38.1,23,0,59106.0
30.6,3.6,15.0,41.2,20,2,73443.32
36.3,15.4,15.8,43.2,12,2,94959.66
49.4,14.5,16.7,38.9,17,3,96617.36
22.0,11.7,15.0,35.6,12,3,67513.73
46.6,1.4,14.6,44.4,16,4,63972.34
35.1,6.1,16.1,43.6,19,4,84689.36
25.2,15.3,13.8,35.4,17,3,96456.14
39.6,8.9,13.8,46.8,16,2,91600.73
37.0,21.9,17.4,45.9,12,2,123963.82
29.0,10.4,13.7,40.7,12,4,90495.18
35.7,9.2,17.3,40.4,15,3,88781.38
31.1,6.1,16.9,42.8,25,0,90822.43
36.1,8.8,12.5,35.7,12,4,79735.67
41.6,7.1,14.6,40.2,12,3,78523.95
50.9,12.2,18.4,30.0,13,2,97553.83
22.6,13.7,14.0,44.4,16,1,79034.75
56.3,3.3,15.1,32.2,19,3,69169.79
22.0,0.0,16.9,47.5,8,3,47558.52
33.5,0.0,17.6,38.3,10,2,60685.2
40.9,11.0,15.5,38.9,22,1,96064.77
37.8,1.4,14.8,36.9,20,3,72233.15
28.8,0.0,18.8,38.6,17,5,69800.35
32.9,10.3,19.5,47.1,11,4,86609.44
30.1,23.0,18.0,30.0,17,3,124794.99
29.1,8.0,16.2,46.4,13,4,87782.52
43.5,13.0,14.4,41.7,19,6,108679.65
38.6,8.5,14.3,34.0,19,4,80246.32
28.1,7.4,17.0,34.6,20,2,83951.34
44.0,13.5,16.8,48.4,16,2,97094.32
38.1,6.3,18.8,35.3,14,2,89629.7
43.1,9.6,17.3,34.2,9,2,86287.53
41.3,9.9,13.0,45.7,20,2,81779.59
26.7,4.0,18.1,41.7,11,2,77427.96
29.4,14.0,14.0,35.3,13,2,92363.26
42.5,7.0,15.2,41.1,14,1,72101.75
41.1,3.5,16.5,34.9,10,2,65950.56
34.8,11.2,20.0,45.5,14,1,104704.86
36.2,2.6,22.0,45.3,18,4,84444.03
47.8,8.2,17.2,42.7,18,1,86781.69
29.1,7.9,15.6,41.8,19,4,85564.16
40.5,14.5,17.1,48.8,11,2,100852.69
33.0,10.8,17.8,40.0,16,1,94184.62
32.8,7.8,15.4,34.1,14,4,85123.44
46.0,12.9,19.6,42.2,20,4,106226.35
43.3,16.3,16.5,50.4,14,4,110887.32
43.1,11.3,17.0,34.9,11,2,91475.91
48.1,8.1,17.3,38.2,15,2,80763.37
35.2,0.1,16.8,42.1,19,2,64025.1
41.8,1.6,17.7,39.7,18,2,61645.02
31.9,6.2,14.8,35.1,15,2,87203.96
38.2,4.3,14.9,45.6,15,5,79996.18
33.7,6.9,13.8,51.6,21,1,75244.62
36.0,8.3,16.9,41.0,24,1,87759.03
41.0,11.2,17.6,35.5,16,5,94097.82
26.8,7.6,16.9,32.3,10,3,90028.57
55.9,10.9,19.3,41.3,9,2,76439.52
24.9,8.4,16.0,45.5,14,4,69332.64
22.9,0.0,17.3,42.4,11,2,50262.34
46.6,2.4,13.8,40.0,14,3,70769.06
42.9,7.1,15.2,37.1,17,3,81657.34
41.2,0.7,17.4,34.5,15,4,60650.15
41.3,11.6,17.7,44.2,12,4,94290.65
34.9,17.2,15.4,44.6,11,2,98718.55
26.0,15.3,15.9,32.3,12,2,100464.53
35.8,6.7,13.0,47.9,18,1,83415.62
28.2,16.9,15.3,42.9,16,6,100592.68
44.8,8.9,17.8,47.0,8,4,82900.05
33.5,6.0,17.2,33.3,14,3,77905.86
26.7,4.3,17.0,33.2,17,2,74892.8
31.8,6.2,16.1,39.3,12,2,81312.9
39.1,5.7,16.0,42.5,14,2,76330.82
29.4,9.0,14.7,49.0,26,5,94654.29
26.8,9.0,17.4,43.5,13,1,82876.23
37.4,8.0,16.8,38.8,17,3,87958.23
37.4,10.6,17.0,34.9,10,1,91919.12
29.9,15.1,14.9,46.2,19,1,97120.09
30.3,13.7,12.0,35.2,13,7,99650.1
37.3,0.0,18.2,48.1,14,6,70553.32
22.0,0.0,15.0,38.6,14,1,53678.09
22.0,13.6,14.3,48.0,15,5,77334.08
27.8,0.0,17.4,43.4,21,3,71486.66
32.9,6.7,15.2,39.3,22,2,82249.45
38.1,1.0,18.1,37.4,19,3,71647.05
49.8,0.0,17.2,38.3,6,3,63145.67
43.6,11.2,17.4,42.1,15,4,98356.69
33.4,12.6,13.3,40.4,17,6,89541.64
34.8,4.5,18.4,37.0,25,3,91656.34
25.0,0.0,16.5,39.2,10,3,40928.69
34.8,4.7,15.3,40.4,17,5,74774.44
32.1,10.4,16.3,30.0,14,0,86835.88
38.2,0.0,12.4,42.3,8,5,59733.07
26.7,9.1,16.8,35.1,15,2,95357.22
40.2,7.9,13.9,34.2,15,1,69890.78
50.3,11.5,13.3,31.6,17,4,88592.89
33.9,8.7,13.0,31.0,20,4,74592.46
39.0,2.2,18.2,33.2,15,5,75400.14
41.9,15.2,14.7,36.5,16,2,101419.2
31.0,7.0,19.1,49.8,14,2,93177.22
37.2,7.8,14.9,37.4,10,4,81586.2
35.1,2.4,12.6,40.9,15,4,71599.03
36.0,5.3,13.8,42.0,14,3,76920.38
27.3,2.7,18.5,40.7,20,1,73259.15
35.2,7.0,15.7,39.6,9,1,69393.31
40.0,18.3,14.9,34.0,20,1,110405.78
49.5,0.0,16.3,47.3,18,1,57019.54
44.6,0.0,17.0,49.0,16,4,73981.38
56.5,16.8,18.2,31.6,19,3,99917.47
27.3,6.7,18.9,34.9,17,4,93681.53
43.7,4.0,15.3,38.6,10,3,68483.53
36.8,14.2,13.3,35.2,16,3,97964.68
56.9,4.4,15.2,42.5,14,3,67354.58
26.9,19.0,16.5,36.4,17,0,110445.77
26.6,12.1,14.1,50.8,9,6,89614.31
29.0,5.1,14.1,46.0,15,4,77272.16
22.0,20.9,16.7,41.1,20,1,90081.97
29.7,4.4,15.9,45.1,15,6,72221.14
27.4,12.5,16.1,45.5,14,1,99443.96
36.5,9.8,14.5,37.2,15,3,90349.74
38.4,15.8,15.5,35.9,12,6,105164.38
53.8,17.4,14.2,40.4,15,3,113475.68
44.5,8.2,17.8,44.3,9,1,81311.83
29.2,3.5,18.1,40.7,23,4,87918.0
26.0,10.8,12.3,32.1,11,1,82738.89
39.9,3.9,14.1,36.0,13,4,66421.98
22.0,20.1,13.0,39.6,13,5,98209.18
53.3,8.8,14.7,39.6,16,1,88051.51
46.8,5.8,15.8,49.9,13,2,76164.76
30.3,9.1,13.1,33.1,12,5,87057.13
22.0,0.0,14.2,42.5,18,9,53369.02
48.5,2.2,14.0,47.4,17,5,74059.66
33.9,15.2,16.4,51.4,14,4,91672.62
47.4,4.1,16.1,38.0,13,4,69755.61
22.0,1.7,14.6,42.5,11,4,57401.2
29.0,11.2,16.4,42.8,13,3,90831.98
35.1,15.1,14.9,41.0,13,2,99683.23
35.5,12.3,15.5,39.5,10,2,84235.41
30.5,14.0,19.3,42.2,15,7,117700.41
41.2,3.5,18.7,30.0,22,4,87622.11
24.3,0.0,13.4,43.4,12,3,46277.58
33.6,17.0,17.7,40.6,12,1,103985.72
36.2,6.1,17.6,38.9,7,1,81242.01
40.1,6.5,13.7,50.2,15,2,86205.07
42.1,16.0,17.6,36.6,10,2,108148.05
23.8,11.3,19.1,38.0,13,4,88824.81
22.0,10.7,13.8,50.0,15,3,65764.79
47.8,21.0,14.2,35.8,14,4,110625.59
38.3,4.1,18.0,37.2,17,6,75955.51
27.5,13.6,16.5,39.3,15,2,100440.89
50.5,8.3,17.1,44.2,19,5,91887.64
36.2,9.6,16.7,41.0,15,1,86790.9
46.8,17.2,16.8,33.5,16,4,114145.41
35.7,11.0,13.3,37.3,6,2,88799.76
55.6,11.2,18.1,37.0,11,5,78516.44
52.6,14.4,18.3,39.6,18,2,101611.52
32.5,5.8,15.5,42.1,10,4,80938.25
44.7,3.0,15.9,42.1,12,2,66942.73
41.5,1.7,12.9,31.1,12,6,61743.51
48.7,0.0,17.0,45.3,7,2,66135.45
25.4,20.3,17.1,41.3,7,0,103611.78
41.9,1.4,15.9,46.9,15,2,65257.4
45.6,6.7,18.2,42.2,16,3,86697.48
22.0,6.3,15.3,45.5,11,2,58207.36
23.2,9.8,17.1,42.3,16,4,77759.71
22.0,12.9,14.0,46.7,19,2,72897.27
32.3,13.2,16.0,42.6,10,2,100879.54
42.2,4.5,15.7,39.5,17,4,76602.04
50.0,7.0,16.5,51.4,17,1,85025.45
35.7,9.7,15.3,44.4,12,1,87860.24
51.3,6.5,15.7,42.9,11,4,76237.52
22.0,17.6,17.7,33.6,17,3,79403.23
22.0,10.9,15.1,33.6,22,8,81047.24
34.4,12.4,12.8,41.5,12,1,87564.88
38.8,12.0,19.5,40.7,14,4,102971.1
34.7,15.0,18.8,36.9,15,2,104113.83
22.0,9.1,13.4,40.7,14,2,63318.69
34.1,0.2,17.4,47.9,18,3,78659.01
22.0,10.4,15.0,43.5,10,4,62627.35
41.7,4.1,16.5,34.3,13,3,78189.86
38.7,4.8,16.6,39.4,11,4,73580.41
25.6,11.5,15.5,36.0,9,5,89913.34
29.9,15.4,14.4,38.1,18,5,102637.43
24.4,8.1,14.6,37.9,16,2,61780.79
34.4,9.9,14.2,37.6,13,5,90240.04
44.6,18.2,14.3,33.7,17,3,115490.98
25.1,9.4,15.9,39.4,22,5,95759.83
40.0,23.6,14.6,37.2,15,3,121894.88
29.7,11.4,17.4,30.0,18,6,94596.6
27.1,0.0,19.0,50.3,11,1,67545.86
33.9,12.5,14.8,45.4,18,1,104341.71
24.6,10.3,16.5,38.1,15,4,71645.0
29.5,15.7,17.0,40.1,13,3,102465.43
23.0,12.0,16.9,34.1,14,7,76805.54
54.6,7.2,16.2,48.5,16,2,79703.95
35.4,0.7,17.5,49.5,19,0,53637.08
28.0,6.7,17.0,40.8,10,2,81336.57
37.1,2.9,13.5,45.1,20,3,66301.45
33.9,4.5,17.7,40.9,13,2,68348.3
32.8,11.5,17.8,33.3,13,3,98756.5
41.1,18.0,14.5,37.9,8,3,98348.62
42.6,10.4,16.1,40.7,16,1,87340.54
29.7,0.8,17.4,37.7,12,4,75443.95
29.2,10.7,15.6,38.9,20,4,86995.02
32.2,15.2,18.1,39.5,19,4,101005.42
22.0,4.3,20.7,39.6,18,3,68502.43
22.0,7.2,14.4,40.3,11,2,67452.86
48.7,8.1,13.2,34.7,20,2,74205.48
51.4,3.3,16.6,36.4,10,2,72176.43
32.5,11.9,17.4,33.6,24,0,100793.89
40.8,7.3,15.5,44.9,13,4,71697.38
38.1,10.5,18.9,30.0,18,2,99645.28
65.0,2.7,13.3,45.8,19,4,67537.65
46.2,5.4,17.4,46.9,15,2,77457.95
33.7,12.3,14.8,38.5,14,7,103279.87
25.4,5.8,19.4,30.0,13,5,90747.91
22.0,18.4,20.0,38.2,15,3,93621.19
37.0,5.6,14.5,39.7,13,1,70948.26
27.4,9.3,14.9,34.9,17,4,83357.46
22.0,13.6,17.7,37.4,18,1,80266.28
28.5,0.0,15.2,47.7,17,2,66187.4
24.2,0.0,15.9,43.3,16,2,49470.13
51.9,0.0,16.1,35.4,15,4,54588.66
43.8,15.6,12.2,32.0,8,5,102523.31
34.9,4.7,16.0,38.4,24,2,80631.73
49.8,23.3,14.6,38.9,15,2,117905.68
35.8,4.6,15.0,42.5,15,2,77842.71
26.4,9.1,18.9,37.3,12,3,97722.36
50.2,17.3,13.5,42.6,11,4,88852.57
40.4,20.0,17.6,49.7,14,1,116702.33
24.6,20.4,15.4,44.1,12,4,84135.29
33.1,15.3,15.4,39.8,14,5,105781.77
26.2,14.1,17.6,39.1,16,1,101371.69
22.0,11.6,16.7,38.2,15,2,77905.08
44.3,12.7,17.1,45.9,23,3,99391.02
54.1,4.7,17.9,36.9,7,1,63770.57
22.0,3.1,15.3,40.2,12,3,53534.63
40.6,8.0,14.8,40.3,14,4,85146.91
28.5,7.0,13.8,37.5,13,4,83768.74
30.1,5.3,14.3,33.1,15,3,69366.19
29.1,12.2,21.9,41.6,17,5,111928.4
26.4,13.7,18.5,39.7,22,1,100824.26
35.5,8.5,13.3,42.5,11,4,82585.13
26.7,16.9,13.4,37.3,16,2,99646.11
37.7,1.1,17.0,46.1,14,1,67231.11
34.5,6.8,17.1,35.6,16,4,89196.29
32.6,3.7,17.1,48.6,12,3,67759.25
25.9,0.0,15.5,31.3,9,2,56335.6
29.2,7.5,15.7,42.2,18,2,84308.24
42.6,7.3,16.7,42.4,15,1,93665.34
40.0,17.1,16.2,36.0,14,2,101643.48
25.2,11.8,12.0,42.1,13,4,98162.84
36.0,1.9,15.5,46.4,6,4,74969.92
42.5,19.1,14.3,30.0,20,6,114770.61
22.0,15.3,16.4,42.5,11,1,77982.15
40.4,11.5,22.0,30.0,14,4,99226.92
28.4,6.6,16.7,35.2,18,0,80364.17
40.7,2.2,15.4,48.1,7,2,57134.23
27.4,5.8,17.8,37.1,14,2,79801.11
22.0,14.5,17.0,34.1,23,2,91707.84
22.0,19.3,16.8,39.0,12,1,85367.84
35.5,17.3,17.2,50.3,20,3,110765.58
37.6,5.1,20.1,30.8,18,5,78331.19
26.0,1.3,13.7,34.7,16,1,64683.38
41.4,8.8,16.9,47.5,10,2,85856.6
22.0,0.0,14.1,49.3,12,5,50095.2
34.3,9.9,17.1,39.5,18,2,90429.92
22.9,7.1,14.2,33.8,16,2,61760.13
28.5,5.2,15.2,50.5,26,4,85266.85
35.5,0.0,15.4,48.0,14,2,61970.65
26.4,11.1,18.0,43.4,21,2,98706.31
31.2,4.8,17.8,35.9,16,3,80839.76
45.1,1.0,13.5,39.8,12,4,68331.23
29.2,0.0,16.1,39.2,23,4,73049.77
43.4,7.8,14.6,41.7,19,4,85922.85
23.7,18.6,13.5,47.3,15,5,95038.72
40.3,18.0,15.6,44.4,22,2,113369.18
49.4,5.3,15.4,34.6,17,0,81242.92
22.0,4.4,20.9,46.9,15,3,69232.29
27.0,10.8,16.9,41.6,15,3,83620.9
40.8,2.0,13.2,43.4,16,2,71415.54
33.0,9.8,14.9,47.3,16,3,88508.44
38.7,12.6,18.0,34.4,11,5,98795.58
29.0,15.4,20.2,39.8,24,1,113076.07
35.9,7.4,12.8,37.3,14,2,75014.82
33.4,6.8,12.2,32.2,16,4,78440.26
46.7,2.7,19.7,41.7,14,2,72483.78
37.5,3.0,16.8,52.6,26,0,82137.0
38.4,6.6,14.3,30.8,13,5,78930.0
30.9,10.2,17.1,39.8,11,0,84701.45
30.1,13.5,12.0,43.2,15,2,86579.14
30.7,3.2,16.0,40.6,15,3,73806.32
38.9,17.0,16.7,39.4,11,2,105809.33
30.8,6.4,17.8,33.5,19,6,90148.08
37.9,7.9,14.0,41.2,13,5,77001.54
55.8,3.5,16.2,36.2,22,3,61338.09
43.7,0.0,14.1,30.0,8,4,62351.68
31.7,13.3,16.5,46.0,14,5,107450.04
47.0,12.4,14.2,44.8,11,2,84734.85
30.9,6.3,15.2,40.3,26,2,91502.99
22.0,8.4,14.0,41.1,15,4,68233.49
24.9,11.1,17.3,45.4,16,4,76518.68
22.0,0.0,17.7,41.1,10,7,52872.54
31.5,4.8,15.5,44.5,13,6,70937.76
35.2,12.8,16.1,38.5,16,4,102967.33
51.8,0.5,13.1,46.6,18,3,58961.85
38.3,9.8,15.4,41.6,13,5,85105.31
32.8,0.0,15.9,41.0,12,2,66809.02
43.3,10.8,21.2,33.6,11,6,90943.91
22.0,7.8,13.8,41.4,10,2,54085.59
37.4,0.0,18.9,35.8,17,6,72801.86
42.7,15.0,18.0,36.8,14,3,105928.09
22.0,3.6,16.6,35.9,16,2,61482.1
46.4,3.1,19.5,34.7,22,5,81613.08
38.4,9.2,16.7,50.6,13,3,100276.7
30.8,14.9,16.8,46.7,18,2,102257.58
41.3,1.9,15.9,49.6,17,2,67949.38
57.7,8.4,18.4,33.9,15,1,74401.38
36.8,10.6,18.2,40.4,11,4,93841.19
37.5,12.2,14.7,33.5,14,2,94594.36
30.4,9.1,13.4,36.5,14,3,88706.77
26.5,5.8,15.6,35.4,18,2,71439.22
43.3,3.0,14.4,46.2,9,3,65456.05
26.4,8.5,15.9,38.0,22,2,90335.1
35.7,1.6,18.5,45.3,15,0,72065.52
30.2,0.0,15.1,43.0,13,2,61160.84
39.8,10.6,15.9,51.5,15,3,93632.05
38.3,13.4,16.1,32.6,10,1,89688.27
45.4,0.0,17.7,46.3,22,2,77334.82
29.9,1.9,12.0,45.7,12,3,66817.18
32.3,11.7,14.8,35.1,9,1,80242.57
25.2,20.3,16.4,45.0,11,4,109620.77
30.6,8.1,18.4,41.7,15,1,81177.53
38.8,3.6,15.0,38.9,9,5,74494.1
42.6,6.9,12.2,35.9,15,1,67703.26
25.8,16.2,17.2,36.4,19,1,105327.16
43.7,4.1,14.7,50.2,19,5,79177.97
48.6,3.2,13.6,40.0,16,0,66112.29
39.1,5.1,14.8,43.9,14,2,75180.25
53.8,2.3,15.6,36.0,17,2,64317.48
27.3,8.7,14.8,36.1,17,4,89500.09
22.6,17.7,12.0,45.4,21,2,80830.08
22.0,9.9,17.8,33.3,8,4,70006.81
50.0,6.5,18.5,37.9,15,5,87727.98
41.5,6.2,17.3,40.2,12,2,80092.79
34.4,0.0,13.7,40.6,9,3,58206.84
37.8,13.3,15.6,39.1,13,4,93389.04
23.7,7.5,16.0,42.0,12,5,65552.56
59.5,6.9,17.2,43.5,12,2,72991.18
36.3,27.2,17.3,43.7,10,4,126026.21
36.1,9.8,14.5,35.1,16,4,85966.11
42.3,3.5,16.2,38.6,13,2,73407.52
39.8,5.4,16.9,46.0,13,3,72089.29
37.2,14.9,18.9,44.5,10,0,106377.06
27.1,8.7,17.4,33.1,13,7,97660.64
39.7,0.0,17.6,41.8,12,0,56141.42
53.8,13.5,16.2,30.1,10,0,99828.01
48.5,4.0,18.8,40.2,17,1,76991.31
50.9,19.2,16.8,49.5,16,1,114421.33
29.9,14.5,14.3,35.3,17,0,93634.2
25.1,5.3,18.8,35.8,20,1,87115.51
33.7,15.7,17.4,43.8,17,5,110839.43
35.6,8.4,15.1,32.3,13,0,76117.93
45.9,13.1,15.0,36.8,15,6,93027.12
22.0,10.9,16.6,43.0,19,3,68427.06
50.3,2.9,16.9,36.8,17,4,76133.91
33.4,4.1,16.4,38.8,16,0,75800.99
30.7,14.2,16.6,43.7,17,7,109138.17
24.9,6.0,19.4,42.1,19,4,69472.69
22.0,5.6,18.1,41.3,16,0,57542.94
43.2,2.3,16.4,38.3,13,2,65334.69
35.7,10.5,17.9,41.9,14,8,103939.66
22.1,20.4,13.9,39.4,22,3,90249.1
22.0,1.6,16.8,42.3,9,2,53261.72
31.6,8.1,19.6,37.5,17,3,85912.96
51.7,16.5,15.6,39.1,20,4,110212.09
32.4,7.5,14.3,35.1,9,1,73474.05
22.0,10.7,14.7,39.8,12,5,77097.01
32.5,1.6,13.8,35.9,18,1,68662.99
32.3,10.6,14.4,34.4,19,5,90091.79
22.0,6.9,15.3,41.3,16,2,63431.73
34.5,13.9,13.2,41.1,13,1,89313.67
32.7,15.1,16.0,43.9,14,0,91760.48
42.0,23.5,17.8,37.8,22,2,124263.07
53.5,11.5,14.2,42.0,10,1,86962.32
46.3,10.0,19.0,42.8,23,2,98571.09
32.3,9.2,17.0,42.2,11,0,84690.88
23.9,5.9,18.1,35.9,16,3,64726.73
60.7,10.0,14.7,40.7,17,6,87108.71
35.6,6.2,17.7,41.8,12,2,80450.26
35.1,9.0,13.8,40.0,13,0,83267.38
34.8,15.9,17.8,30.0,19,2,99065.83
37.0,2.0,16.3,40.8,12,1,46805.38
33.6,14.8,17.1,51.1,10,6,105176.87
29.3,15.9,13.6,38.2,20,4,97106.11
29.5,7.3,14.2,36.4,17,1,77981.5
34.7,0.0,17.2,41.9,14,2,63281.2
29.6,4.4,14.1,41.6,18,5,83974.63
27.9,15.8,16.9,46.0,13,2,105344.52
36.1,7.9,13.3,33.7,15,3,80884.86
32.5,2.0,17.7,43.7,20,2,77739.94
50.0,5.0,13.5,43.0,19,1,75073.29
22.0,13.0,17.1,39.3,14,5,77924.58
45.9,11.3,17.3,41.7,15,3,99935.28
47.5,6.6,14.6,45.1,25,3,78276.95
22.0,5.8,17.2,44.4,9,2,63011.21
31.6,5.6,16.5,34.3,7,5,69667.11
31.3,2.5,14.9,44.1,11,2,67067.04
22.0,17.7,14.0,39.7,14,2,84328.93
27.2,6.1,12.1,40.4,18,2,82659.59
23.9,15.3,16.7,40.4,13,0,72020.19
52.5,17.1,12.9,39.2,18,3,101120.9
44.4,14.0,16.2,46.0,15,5,105874.11
47.7,5.4,15.5,39.6,12,2,76411.94
42.2,10.4,17.4,34.4,15,2,92494.9
23.7,7.9,15.4,38.0,11,4,61004.07
29.8,2.6,15.3,40.9,17,5,70002.04
39.9,9.9,17.5,46.1,22,4,102286.21
22.8,0.9,16.7,43.0,15,2,53198.12
42.1,15.1,16.6,35.7,21,2,107140.46
32.6,5.2,16.9,52.4,13,2,76362.6
31.3,9.2,12.9,41.3,21,2,78995.25
42.1,9.7,17.5,46.4,10,2,92188.74
39.4,6.4,17.2,39.2,21,3,87969.99
31.4,11.5,14.0,42.7,14,5,103278.54
46.6,5.2,15.5,44.2,16,3,72066.3
24.2,13.2,15.9,46.1,21,3,84474.09
41.2,0.0,15.7,45.3,16,5,60038.79
40.9,8.8,16.7,44.4,21,4,92184.01
31.9,19.6,18.9,38.4,24,1,125260.57
38.3,2.0,18.2,37.1,15,2,61379.65
22.5,3.9,13.4,41.7,14,1,53293.07
44.2,11.1,17.2,44.7,15,5,93258.78
33.2,9.1,18.7,38.9,16,0,85170.74
29.8,10.1,16.8,45.3,20,5,97345.94
45.5,10.9,18.2,47.3,11,4,99714.18
28.0,11.8,20.0,35.4,18,3,100891.24
22.0,14.7,18.0,35.8,18,3,85600.73
22.0,10.5,16.5,39.3,13,3,72887.71
41.1,6.6,18.1,41.5,11,1,80025.42
22.2,12.0,16.3,37.4,10,1,66971.9
52.5,19.4,16.0,46.8,14,2,117112.16
22.0,7.2,15.3,42.1,22,3,69440.98
52.0,2.2,19.1,40.2,15,3,76546.71
37.1,14.6,14.4,32.8,19,3,96618.38
34.0,7.3,19.1,33.4,13,4,84995.28
29.6,0.0,17.0,41.4,12,5,65618.92
39.0,13.1,13.2,30.0,12,2,82842.78
34.6,4.8,16.7,45.1,12,2,66632.85
46.0,7.5,12.0,39.2,20,3,76638.26
36.1,10.0,17.3,56.2,11,2,90968.83
36.5,9.1,17.8,51.5,12,4,86247.5
31.4,12.3,14.8,39.1,14,5,89770.68
34.4,5.4,16.2,39.5,16,4,75764.92
38.1,11.1,19.9,45.0,22,4,100282.35
22.0,6.4,15.0,48.5,11,5,61502.35
22.0,12.4,13.9,31.8,16,2,84351.95
42.4,11.7,19.0,31.1,14,5,104948.61
36.7,2.4,19.9,36.9,17,1,80480.05
33.2,14.5,16.0,42.9,13,2,104643.72
35.2,4.8,18.0,42.5,14,3,74000.83
38.5,12.8,18.7,45.3,23,3,98533.47
29.6,10.2,14.5,34.0,13,3,81247.51
27.2,19.0,15.0,30.0,15,2,116289.37
37.0,6.7,18.5,44.3,17,5,85104.67
25.2,5.9,19.4,35.9,16,3,78558.51
39.1,7.9,17.1,30.0,10,2,80242.37
22.0,6.2,14.2,40.7,20,3,62657.26
45.3,12.8,20.0,44.0,18,6,108302.38
39.7,0.0,14.9,39.4,14,8,68661.84
37.6,1.7,15.3,37.7,19,3,65548.45
44.8,1.6,16.7,39.2,15,0,69938.25
51.7,13.7,19.1,38.1,15,5,102221.13
45.1,18.3,17.7,33.3,24,3,116439.75
22.0,7.4,16.8,36.4,12,4,70376.16
22.2,7.0,16.9,42.6,20,3,65476.92
28.8,8.4,16.1,41.6,17,2,82834.57
35.3,15.0,17.1,40.8,11,3,104560.93
40.2,2.4,12.0,35.0,7,1,54301.04
27.7,9.4,15.4,39.1,15,3,85261.75
36.9,13.9,16.5,30.0,18,0,101130.64
27.4,11.0,13.7,40.9,11,1,94833.83
28.9,9.1,16.8,47.1,22,3,95029.72
22.0,14.0,15.6,32.6,20,1,81885.02
25.8,0.0,19.5,37.1,14,0,68920.44
22.0,12.1,19.1,41.6,10,0,69743.8
25.2,4.1,15.1,46.3,23,4,78869.43
45.5,0.0,15.7,37.8,12,3,62398.65
25.5,11.1,15.9,36.5,22,4,98054.12
61.3,16.2,15.1,30.2,13,7,96657.45
39.9,7.2,16.4,40.5,5,3,79921.85
36.8,13.7,14.5,50.2,19,1,94960.94
26.4,17.7,13.7,41.4,13,3,104585.37
42.0,15.9,17.2,39.9,15,3,99952.71
29.2,17.8,17.3,41.6,12,2,106888.52
36.2,12.5,14.4,39.9,12,7,102673.13
60.6,8.5,17.8,35.9,12,2,78829.86
34.0,0.0,14.7,44.1,15,4,63500.66
46.5,6.5,16.5,41.1,12,3,89549.17
28.0,2.9,17.6,40.1,13,2,65508.16
34.7,21.0,15.9,35.1,16,0,108916.03
52.7,6.9,16.9,46.5,16,7,96289.49
28.7,8.7,15.0,43.3,14,5,86528.59
53.1,11.3,15.6,37.2,17,5,93969.97
42.1,8.3,15.6,45.0,16,1,77040.44
29.4,18.2,14.5,37.5,14,4,110424.51
41.3,4.3,15.6,36.1,12,4,76852.24
44.7,9.2,12.9,36.2,15,2,76300.79
41.2,3.5,15.0,31.1,19,1,71188.1
22.0,0.1,15.4,42.4,17,4,50998.45
27.7,4.3,15.5,30.8,22,5,81334.81
32.5,7.8,15.5,33.9,18,5,81123.7
34.3,5.4,15.9,30.0,11,2,81134.91
41.2,3.8,17.0,39.6,20,6,85631.13
36.8,0.0,17.7,39.2,22,3,68807.67
22.0,7.5,14.7,38.4,15,4,64761.2
38.8,0.0,13.6,34.8,19,4,63208.29
41.1,12.6,13.9,34.1,23,2,91883.16
40.6,8.5,15.0,42.3,17,10,90057.84
45.8,0.0,15.3,37.2,10,4,60592.88
43.3,6.1,14.5,41.6,10,3,83116.22
39.6,3.5,13.4,35.6,13,0,70062.4
34.3,9.9,15.1,40.9,16,2,92092.53
22.0,16.0,16.4,46.5,15,2,85170.46
39.3,0.0,17.2,42.9,16,1,59198.45
37.1,8.7,14.9,37.9,16,4,85845.67
37.7,7.0,15.2,41.3,13,4,85711.46
22.2,12.0,14.1,38.8,14,2,65940.68
24.2,9.3,15.9,40.0,17,3,74065.67
45.5,3.5,14.3,38.4,17,6,86288.22
34.6,6.1,17.1,39.2,13,2,84742.66
41.8,3.2,12.4,41.1,17,2,74272.16
35.3,14.5,15.3,35.0,13,4,100652.91
35.3,8.1,16.6,34.9,19,5,94562.66
44.4,19.4,16.4,33.1,12,2,107480.1
29.8,7.6,21.4,32.0,12,2,93148.51
36.0,3.7,16.7,33.9,20,4,81695.24
30.4,0.0,14.0,40.8,14,3,62437.39
30.7,0.0,15.8,35.5,15,4,71793.64
31.9,0.0,12.4,42.6,19,3,58477.34
37.2,9.6,15.8,40.2,17,2,87329.81
30.2,11.1,14.3,30.2,21,5,95109.02
47.6,0.0,17.8,43.3,15,0,59098.12
26.1,13.4,14.9,44.1,14,4,97911.61
33.1,5.1,15.8,35.0,8,3,64809.13
30.6,8.9,14.7,42.1,13,1,87029.99
49.5,17.7,19.5,35.7,12,4,113633.05
37.0,13.4,15.4,40.5,17,4,96384.4
45.3,6.4,19.7,33.7,15,3,81797.84
22.0,2.7,17.6,31.0,20,0,57286.76
37.7,0.0,17.0,38.1,17,3,70387.5
43.9,3.7,16.7,39.4,23,5,83557.59
35.8,6.7,16.8,38.0,18,1,78486.75
45.7,2.1,12.1,34.1,22,5,65179.09
29.8,7.2,15.4,38.0,18,2,85478.99
49.1,8.5,17.7,41.3,14,2,83076.52
58.0,6.7,15.9,39.8,18,2,73631.97
31.4,4.1,13.2,40.9,12,3,69653.16
30.5,9.0,15.9,36.6,15,5,90432.92
49.5,10.7,19.4,45.9,13,5,101532.78
50.8,1.5,18.5,34.1,18,2,66069.87
29.8,16.5,15.9,42.4,16,3,96422.18
30.8,7.4,17.9,45.9,17,0,81038.29
32.2,8.1,15.3,42.4,20,4,96190.87
22.0,12.2,12.6,39.0,12,2,80120.15
25.8,9.4,14.2,37.4,15,8,99380.73
25.0,13.7,19.1,45.2,13,5,82623.67
27.3,9.7,15.5,32.9,9,4,77074.31
34.7,4.3,15.5,35.1,11,3,60868.09
37.3,10.2,15.4,38.0,12,3,84452.85
50.5,1.1,19.8,46.2,18,1,71566.15
25.0,8.7,19.3,41.9,12,1,94009.4
44.8,7.8,20.4,35.2,16,3,95496.92
32.9,6.8,15.7,38.4,15,4,83038.14
34.5,7.2,16.6,36.9,16,2,78509.59
41.7,0.0,13.0,36.5,15,2,54146.17
23.8,4.7,19.0,44.9,19,4,68230.58
38.8,8.6,13.7,33.1,10,2,82374.59
36.7,9.0,16.4,48.0,13,3,88507.58
39.9,1.8,13.8,44.1,15,2,59619.98
37.9,15.6,14.8,45.5,22,1,106472.36
59.6,2.8,14.3,37.7,12,4,63775.59
28.6,13.8,14.8,39.3,14,3,91364.9
29.7,10.6,14.9,32.8,14,2,83868.94
28.8,4.1,14.9,37.4,12,4,76104.26
29.4,18.7,17.7,42.5,10,2,108957.13
28.6,0.8,13.8,46.5,16,3,71726.6
46.9,13.5,16.4,34.5,23,0,102454.58
49.2,14.0,18.4,38.2,10,4,99229.46
29.3,4.0,15.0,39.2,20,4,76350.08
26.7,16.4,14.6,33.0,23,3,107550.14
39.7,6.5,15.5,43.0,13,0,72415.78
29.5,9.7,18.4,36.4,16,0,85306.64
41.3,9.6,16.4,39.0,17,3,93494.1
37.0,7.2,14.9,37.7,10,2,81618.09
22.0,12.9,17.0,36.1,12,3,80309.91
50.5,12.8,13.8,40.0,13,2,98672.04
53.0,0.0,17.4,38.9,6,6,62335.21
28.9,15.8,16.8,38.1,18,4,116162.28
31.1,0.0,15.4,36.4,12,3,57571.97
37.9,14.2,14.3,41.6,17,4,94409.01
38.3,14.8,14.2,48.3,19,6,94940.74
41.6,1.5,17.1,40.7,11,3,65510.98
55.1,5.5,18.5,45.0,15,0,68603.64
33.2,1.4,14.7,33.0,17,0,66632.19
27.0,6.7,16.9,40.8,14,7,87370.8
22.0,6.2,12.0,34.5,13,5,53938.72
27.7,12.7,14.8,32.6,18,2,92977.42
34.7,15.9,15.9,36.3,16,6,105704.14
52.9,16.4,14.2,46.0,10,6,94326.3
29.8,4.6,14.1,44.8,11,2,65353.23
37.2,6.7,14.7,41.2,15,4,76504.27
34.8,0.0,16.6,32.3,23,2,75544.7
46.9,3.2,15.6,39.0,18,1,72307.22
60.3,13.8,12.0,41.5,9,5,86086.34
29.7,17.7,12.0,40.9,10,7,96740.56
30.1,0.6,14.8,30.8,13,0,66135.24
45.4,4.4,16.9,35.5,10,2,79991.61
41.8,7.8,12.0,39.7,19,0,67112.19
53.5,9.7,15.0,42.7,19,4,86676.64
40.8,3.1,14.9,30.0,13,5,74256.03
31.4,10.5,18.8,39.2,12,2,95747.87
40.9,5.2,15.2,40.7,15,1,70844.87
46.1,7.9,16.8,44.2,8,3,80404.69
43.2,11.3,16.3,43.5,11,2,87131.13
40.1,8.0,12.0,42.9,11,3,77148.42
45.7,5.4,17.5,36.0,23,3,90244.73
46.7,7.3,16.4,30.5,13,5,80646.83
48.8,7.5,17.0,38.0,6,4,86203.46
41.5,5.8,22.0,45.0,17,2,84041.47
33.3,6.4,12.0,47.0,23,7,78379.92
36.5,17.6,19.4,43.6,17,3,118746.77
47.1,11.4,15.4,42.1,15,3,96661.13
26.8,6.2,16.6,41.9,14,0,81686.83
38.7,12.2,15.9,37.2,13,6,90238.79
31.1,6.0,15.2,39.3,15,3,75890.24
35.3,15.0,14.9,48.3,11,0,99502.31
47.8,10.2,16.7,35.3,17,6,95240.87
36.9,7.4,13.0,48.1,15,3,72970.48
35.5,10.7,17.5,38.4,15,6,98759.08
22.0,0.0,15.2,46.6,15,1,45427.1
42.5,1.2,13.7,33.0,17,5,76180.9
41.5,0.8,15.1,42.9,9,4,70965.29
56.6,8.9,18.5,36.3,10,4,83044.52
31.9,18.4,14.9,32.9,15,4,116686.75
37.2,21.4,16.7,41.1,16,1,117868.82
37.5,11.8,14.5,45.0,14,1,93205.09
50.8,11.0,17.5,35.8,17,9,108675.03
34.0,0.0,17.4,32.5,12,6,69284.02
37.8,4.7,19.7,39.5,17,4,82629.78
41.1,3.3,15.6,39.6,19,2,64633.44
36.9,4.3,17.3,42.7,12,3,75277.58
30.5,7.0,16.2,44.7,17,4,88389.16
36.9,5.2,18.6,39.7,8,4,83534.42
45.7,0.0,14.6,49.3,16,2,64365.33
24.7,12.5,17.5,41.1,13,1,73256.44
36.3,1.6,15.6,38.3,11,4,56940.65
28.0,9.4,15.9,31.9,14,1,82920.06
47.0,20.4,16.2,38.7,12,4,113864.77
22.0,2.5,16.5,38.3,15,5,57208.12
29.4,0.0,15.8,44.8,13,2,65244.09
38.8,6.3,16.4,42.3,11,4,89782.46
50.7,14.6,19.2,34.1,14,2,104866.39
34.3,19.8,18.0,40.9,15,3,115747.9
29.4,0.6,17.7,43.4,9,4,65368.11
53.8,11.0,15.1,47.6,17,4,93205.79
22.0,5.2,14.2,44.4,12,3,54540.63
22.0,7.4,17.9,43.8,11,5,69222.33
39.4,23.9,17.8,40.3,11,3,127047.35
30.0,0.0,18.9,41.9,12,2,67466.44
24.8,9.5,14.8,46.2,17,1,70683.03
42.1,10.8,15.5,33.3,10,4,91495.49
37.4,14.5,12.7,38.3,13,2,85008.86
29.4,8.6,15.2,36.1,16,4,89476.68
22.2,9.8,18.0,41.9,17,5,72733.3
43.7,5.7,15.1,46.2,15,0,68746.59
41.5,9.6,17.3,37.0,12,2,82436.08
34.0,5.9,15.6,30.0,16,2,80448.31
53.5,11.7,16.6,37.9,11,2,90682.87
24.3,5.8,13.7,44.6,15,1,50400.37
22.0,10.3,16.2,42.7,21,2,76319.9
28.1,7.8,12.0,42.1,13,2,68863.02
34.5,14.8,15.6,38.6,19,7,107529.17
37.4,7.7,12.7,33.6,16,2,79530.17
32.6,0.0,18.4,42.6,19,3,74545.87
38.5,15.6,17.6,35.8,20,1,115169.47
22.5,2.6,16.9,50.9,14,4,51427.84
49.4,4.1,19.0,42.9,17,2,78994.15
34.2,4.4,14.1,37.1,20,3,73836.65
46.2,16.2,19.5,36.9,13,5,113527.41
38.4,0.0,17.9,39.5,14,3,67874.92
39.6,26.8,15.5,38.8,14,3,128593.83
40.7,14.3,18.3,45.6,16,3,102043.2
39.5,9.3,13.8,40.9,9,4,76947.45
41.4,7.7,14.4,36.3,13,6,88142.36
48.3,9.7,14.8,49.5,20,5,93753.56
37.0,11.1,14.9,40.2,11,1,91318.74
42.1,11.9,13.9,43.8,15,4,90456.58
34.1,11.3,18.4,37.0,10,1,88719.14
49.4,8.5,15.5,41.8,14,3,79175.57
28.2,6.8,16.7,41.6,16,4,85892.03
53.0,7.1,14.9,30.6,12,4,74820.88
34.6,6.8,12.4,50.1,19,5,89357.88
22.0,14.8,16.5,46.5,13,3,74515.17
36.3,11.6,12.2,38.0,16,1,87534.89
28.2,0.0,15.9,34.5,13,1,69128.37
43.4,11.9,13.3,41.7,16,4,94729.02
28.5,9.2,20.0,40.4,17,5,97261.24
30.5,7.9,17.8,41.8,8,2,77611.04
22.0,5.7,16.2,41.0,11,4,55482.74
30.5,14.7,18.5,42.5,19,6,114003.06
22.0,13.7,14.3,47.2,19,3,86069.9
22.0,3.4,17.1,42.8,14,3,57035.57
42.6,10.4,16.4,34.8,11,3,83509.91
42.9,2.2,16.5,46.8,11,2,55426.36
39.3,0.0,18.5,48.2,18,4,65913.24
25.3,4.2,17.5,55.8,19,2,77728.43
34.5,13.2,16.6,34.4,23,1,108297.69
35.0,13.7,12.7,41.2,17,2,97197.88
23.4,11.1,14.1,30.0,16,2,72578.34
50.0,12.4,15.8,42.8,11,4,92007.71
43.8,11.1,16.2,37.3,15,4,90606.96
32.8,4.2,13.7,49.6,18,3,80015.4
35.3,10.6,20.8,36.1,15,4,100217.56
37.1,12.8,19.0,31.6,22,4,95042.32
22.0,12.5,17.2,37.6,19,1,74728.88
32.5,15.1,16.1,30.1,13,5,99258.73
28.2,12.2,15.6,43.8,10,4,90256.61
25.0,10.1,14.1,30.0,16,1,71147.33
32.2,14.4,16.2,40.1,21,5,105247.47
53.0,7.8,16.5,30.0,17,4,86491.11
41.4,2.7,13.5,38.4,15,1,72113.96
29.3,7.0,16.7,48.2,14,2,78074.22
40.7,3.5,15.7,41.8,15,4,83181.68
